<?xml version="1.0" encoding="UTF-8"?>
<project-private xmlns="http://www.netbeans.org/ns/project-private/1">
    <editor-bookmarks xmlns="http://www.netbeans.org/ns/editor-bookmarks/2" lastBookmarkId="0"/>
    <open-files xmlns="http://www.netbeans.org/ns/projectui-open-files/2">
        <group>
            <file>file:/C:/Users/user/Documents/NetBeansProjects/Mini-Library-System/Mini_Library_System/web/BorrowingBook.jsp</file>
            <file>file:/C:/Users/user/Documents/NetBeansProjects/Mini-Library-System/Mini_Library_System/web/BookRegistrationPage.jsp</file>
            <file>file:/C:/Users/user/Documents/NetBeansProjects/Mini-Library-System/Mini_Library_System/web/BorrowingBook1.jsp</file>
            <file>file:/C:/Users/user/Documents/NetBeansProjects/Mini-Library-System/Mini_Library_System/web/UpdateBorrower.jsp</file>
            <file>file:/C:/Users/user/Documents/NetBeansProjects/Mini-Library-System/Mini_Library_System/web/ListApprove.jsp</file>
        </group>
    </open-files>
</project-private>
